학교명,링크,결과,
일반원서접수,https://enter.jinhakapply.com,OK,
학교장추천전형 시스템,https://rpa.jinhakapply.com/Site/RpaServiceList,OK,
학교생활기록부 온라인 신청,https://apply.neis.go.kr/nxui/index.html,OK,
,https://wads.jinhakapply.com/RealMedia/ads/click_lx.ads/U_jinhakapplyP/RollingB/L23/915036147/x10/JINHAKAPPLY/2504_ict_RollingB_609x250_10/2504_ict_RollingB_609x250_10_250418.html/792f7563516d69784e33304143366679,OK,
,https://wads.jinhakapply.com/RealMedia/ads/click_lx.ads/U_jinhakapplyP/RollingB/L23/566406969/x03/JINHAKAPPLY/2506_mjc_RollingB_609x250_3/2506_mjc_RollingB_609x250_3_250610.html/792f7563516d69784e3330414336616e,OK,
,https://wads.jinhakapply.com/RealMedia/ads/click_lx.ads/U_jinhakapplyP/RollingB/L23/1617257772/x01/JINHAKAPPLY/2504_dongyang_RollingB_609x250_1/2504_dongyang_RollingB_609x250_1_250417.html/792f7563516d69784e33304143366359,OK,
,https://wads.jinhakapply.com/RealMedia/ads/click_lx.ads/U_jinhakapplyP/RollingB/L23/825086064/x07/JINHAKAPPLY/2507_seoil_RollingB_609x250_7/2507_seoil_RollingB_609x250_7_250725.html/792f7563516d69784e33304143366c56,OK,
,https://wads.jinhakapply.com/RealMedia/ads/click_lx.ads/U_jinhakapplyP/RollingB/L23/208863886/x04/JINHAKAPPLY/2504_gangdong_RollingB_609x250_4/2504_gangdong_RollingB_609x250_4_250417.html/792f7563516d69784e33304143366c56,Error: SSLError,x
,https://wads.jinhakapply.com/RealMedia/ads/click_lx.ads/U_jinhakapplyP/RollingB/L23/1195905855/x08/JINHAKAPPLY/2504_jb_RollingB_609x250_8/2504_jb_RollingB_609x250_8_250422.html/792f7563516d69784e33304143366c56,OK,
,https://wads.jinhakapply.com/RealMedia/ads/click_lx.ads/U_jinhakapplyP/RollingB/L23/1563931048/x05/JINHAKAPPLY/2506_daewon_RollingB_609x250_5/2506_daewon_RollingB_609x250_5_250619.html/792f7563516d69784e33304143366c56,OK,
,https://wads.jinhakapply.com/RealMedia/ads/click_lx.ads/U_jinhakapplyP/RollingB/L23/1036867311/x09/JINHAKAPPLY/2504_gch_RollingB_609x250_9/2504_gch_RollingB_609x250_9_250418.html/792f7563516d69784e33304143365770,OK,
,https://wads.jinhakapply.com/RealMedia/ads/click_lx.ads/U_jinhakapplyP/RollingB/L23/1705476289/x02/JINHAKAPPLY/2504_kopo_RollingB_609x250_2/2504_kopo_RollingB_609x250_2_250417.html/792f7563516d69784e33304143366138,OK,
,https://wads.jinhakapply.com/RealMedia/ads/click_lx.ads/U_jinhakapplyP/TopL/L19/1209888904/x01/JINHAKAPPLY/2504_shingu_TopL_195x94_1/2504_shingu_TopL_195x94_1_250405.html/792f7563516d69784e33304143366c56,OK,
,https://wads.jinhakapply.com/RealMedia/ads/click_lx.ads/U_jinhakapplyP/TopL/L19/1712409407/x02/JINHAKAPPLY/2504_bc_TopL_195x94_2/2504_bc_TopL_195x94_2_250408.html/792f7563516d69784e33304143366c56,OK,
,https://wads.jinhakapply.com/RealMedia/ads/click_lx.ads/U_jinhakapplyP/TopL/L19/704365496/x03/JINHAKAPPLY/2504_bau_TopL_195x94_3/2504_bau_TopL_195x94_3_250408.html/792f7563516d69784e33304143366c56,OK,
재능대학교,https://wads.jinhakapply.com/RealMedia/ads/click_lx.ads/U_jinhakapplyP/TopP/L19/915599720/x01/JINHAKAPPLY/2504_jeiu_TopP_198x80_1/2504_jeiu_TopP_198x80_1_250410.html/792f7563516d69784e33304143366c56,OK,
유한대학교,https://wads.jinhakapply.com/RealMedia/ads/click_lx.ads/U_jinhakapplyP/TopP/L19/1378659248/x02/JINHAKAPPLY/2504_yuhan_TopP_198x80_2/2504_yuhan_TopP_198x80_2_250410.html/792f7563516d69784e33304143366c56,OK,
대림대학교,https://wads.jinhakapply.com/RealMedia/ads/click_lx.ads/U_jinhakapplyP/TopP/L19/922385824/x03/JINHAKAPPLY/2504_daelim_TopP_198x80_3/2504_daelim_TopP_198x80_3_250410.html/792f7563516d69784e33304143366c56,OK,
인하공업전문대학,https://wads.jinhakapply.com/RealMedia/ads/click_lx.ads/U_jinhakapplyP/TopP/L19/2084834533/x04/JINHAKAPPLY/2504_inhatc_TopP_198x80_4/2504_inhatc_TopP_198x80_4_250410.html/792f7563516d69784e33304143366c56,OK,
경기과학기술대학교,https://wads.jinhakapply.com/RealMedia/ads/click_lx.ads/U_jinhakapplyP/TopP/L19/485092085/x05/JINHAKAPPLY/2504_gtec_TopP_198x80_5/2504_gtec_TopP_198x80_5_250410.html/792f7563516d69784e33304143366c56,OK,
숭의여자대학교,https://wads.jinhakapply.com/RealMedia/ads/click_lx.ads/U_jinhakapplyP/TopP/L19/1771288384/x06/JINHAKAPPLY/2504_sewu_TopP_198x80_6/2504_sewu_TopP_198x80_6_250410.html/792f7563516d69784e33304143366c56,OK,
,https://wads.jinhakapply.com/RealMedia/ads/click_lx.ads/U_jinhakapplyP/TopC/L19/1406283492/x01/JINHAKAPPLY/2506_shinhan_TopC_198x172_SK/2506_shinhan_TopC_198x172_SK_250602.html/792f7563516d69784e33304143366c56,OK,
,https://wads.jinhakapply.com/RealMedia/ads/click_lx.ads/U_jinhakapplyP/TopR/L19/1687379432/x01/JINHAKAPPLY/2504_sau_TopR_409x172/2504_sau_TopR_409x172_250423.html/792f7563516d69784e33304143366c56,OK,
강동대학교,https://wads.jinhakapply.com/RealMedia/ads/click_lx.ads/U_jinhakapplyP/CenterP/L22/229875189/x01/JINHAKAPPLY/2505_gangdong_CenterP_211x66_1/2505_gangdong_CenterP_211x66_1_250526.html/792f7563516d69784e33304143366c56,Error: SSLError,x
국제대학교,https://wads.jinhakapply.com/RealMedia/ads/click_lx.ads/U_jinhakapplyP/CenterP/L22/2003593788/x02/JINHAKAPPLY/2504_kookje_CenterP_211x66_2/2504_kookje_CenterP_211x66_2_250417.html/792f7563516d69784e33304143366c56,OK,
여주대학교,https://wads.jinhakapply.com/RealMedia/ads/click_lx.ads/U_jinhakapplyP/CenterP/L22/1377388525/x03/JINHAKAPPLY/2504_yit_CenterP_211x66_3/2504_yit_CenterP_211x66_3_250417.html/792f7563516d69784e33304143366c56,OK,
인덕대학교,https://wads.jinhakapply.com/RealMedia/ads/click_lx.ads/U_jinhakapplyP/CenterP/L22/843601877/x04/JINHAKAPPLY/2504_induk_CenterP_211x66_4/2504_induk_CenterP_211x66_4_250417.html/792f7563516d69784e33304143366c56,OK,
안산대학교,https://wads.jinhakapply.com/RealMedia/ads/click_lx.ads/U_jinhakapplyP/CenterP/L22/811278594/x05/JINHAKAPPLY/2504_ansan_CenterP_211x66_5/2504_ansan_CenterP_211x66_5_250417.html/792f7563516d69784e33304143366c56,Error 502,x
정화예술대학교,https://wads.jinhakapply.com/RealMedia/ads/click_lx.ads/U_jinhakapplyP/CenterP/L22/1165619275/x06/JINHAKAPPLY/2504_jb_CenterP_211x66_6/2504_jb_CenterP_211x66_6_250417.html/792f7563516d69784e33304143366c56,OK,
한국폴리텍대학,https://wads.jinhakapply.com/RealMedia/ads/click_lx.ads/U_jinhakapplyP/CenterP/L22/1197774670/x07/JINHAKAPPLY/2504_kopo_CenterP_211x66_7/2504_kopo_CenterP_211x66_7_250417.html/792f7563516d69784e33304143366c56,OK,
호서대학교,https://wads.jinhakapply.com/RealMedia/ads/click_lx.ads/U_jinhakapplyP/CenterP/L22/266978637/x08/JINHAKAPPLY/2504_hoseo_CenterP_211x66_8/2504_hoseo_CenterP_211x66_8_250417.html/792f7563516d69784e33304143366c56,OK,
용인예술과학대학교,https://wads.jinhakapply.com/RealMedia/ads/click_lx.ads/U_jinhakapplyP/RollingP/L23/1579113724/x14/JINHAKAPPLY/2506_ysc_RollingP_117x26_14/2506_ysc_RollingP_117x26_14_250619.html/792f7563516d69784e33304143366c56,OK,
서울여자간호대학교,https://wads.jinhakapply.com/RealMedia/ads/click_lx.ads/U_jinhakapplyP/RollingP/L23/845111485/x15/JINHAKAPPLY/2506_snjc_RollingP_117x26_15/2506_snjc_RollingP_117x26_15_250619.html/792f7563516d69784e33304143366c56,OK,
오산대학교,https://wads.jinhakapply.com/RealMedia/ads/click_lx.ads/U_jinhakapplyP/RollingP/L23/135672665/x13/JINHAKAPPLY/2506_osan_RollingP_117x26_13/2506_osan_RollingP_117x26_13_250619.html/792f7563516d69784e33304143366c56,OK,
신구대학교,https://wads.jinhakapply.com/RealMedia/ads/click_lx.ads/U_jinhakapplyP/RollingP/L23/1333881468/x08/JINHAKAPPLY/2504_shingu_RollingP_117x26_8/2504_shingu_RollingP_117x26_8_250409.html/792f7563516d69784e33304143366c56,OK,
대림대학교,https://wads.jinhakapply.com/RealMedia/ads/click_lx.ads/U_jinhakapplyP/RollingP/L23/160483805/x10/JINHAKAPPLY/2504_daelim_RollingP_117x26_10/2504_daelim_RollingP_117x26_10_250409.html/792f7563516d69784e33304143366c56,OK,
대구대학교,https://wads.jinhakapply.com/RealMedia/ads/click_lx.ads/U_jinhakapplyP/RollingP/L23/1348230311/x07/JINHAKAPPLY/2504_daegu_RollingP_117x26_7/2504_daegu_RollingP_117x26_7_250409.html/792f7563516d69784e33304143366c56,OK,
명지전문대학,https://wads.jinhakapply.com/RealMedia/ads/click_lx.ads/U_jinhakapplyP/RollingP/L23/1819513764/x01/JINHAKAPPLY/2506_mjc_RollingP_117x26_1/2506_mjc_RollingP_117x26_1_250610.html/792f7563516d69784e33304143366c56,OK,
동남보건대학교,https://wads.jinhakapply.com/RealMedia/ads/click_lx.ads/U_jinhakapplyP/RollingP/L23/2146409148/x11/JINHAKAPPLY/2504_dongnam_RollingP_117x26_11/2504_dongnam_RollingP_117x26_11_250409.html/792f7563516d69784e33304143366c56,OK,
충청대학교,https://wads.jinhakapply.com/RealMedia/ads/click_lx.ads/U_jinhakapplyP/RollingP/L23/547489515/x05/JINHAKAPPLY/2506_ok_RollingP_117x26_5/2506_ok_RollingP_117x26_5_250616.html/792f7563516d69784e33304143366c56,OK,
숭의여자대학교,https://wads.jinhakapply.com/RealMedia/ads/click_lx.ads/U_jinhakapplyP/RollingP/L23/164853684/x03/JINHAKAPPLY/2504_sewu_RollingP_117x26_3/2504_sewu_RollingP_117x26_3_250409.html/792f7563516d69784e33304143366c56,OK,
가톨릭상지대학교,https://wads.jinhakapply.com/RealMedia/ads/click_lx.ads/U_jinhakapplyP/RollingP/L23/1033463210/x16/JINHAKAPPLY/2507_csj_RollingP_117x26_16/2507_csj_RollingP_117x26_16_250715.html/792f7563516d69784e33304143366c56,Error 400,x
동서울대학교,https://wads.jinhakapply.com/RealMedia/ads/click_lx.ads/U_jinhakapplyP/RollingP/L23/2089807536/x09/JINHAKAPPLY/2504_du_RollingP_117x26_9/2504_du_RollingP_117x26_9_250409.html/792f7563516d69784e33304143366c56,OK,
안산대학교,https://wads.jinhakapply.com/RealMedia/ads/click_lx.ads/U_jinhakapplyP/RollingP/L23/562307301/x12/JINHAKAPPLY/2504_ansan_RollingP_117x26_12/2504_ansan_RollingP_117x26_12_250409.html/792f7563516d69784e33304143366c56,Error 502,x
경기과학기술대학교,https://wads.jinhakapply.com/RealMedia/ads/click_lx.ads/U_jinhakapplyP/RollingP/L23/1791425523/x06/JINHAKAPPLY/2506_gtec_RollingP_117x26_6/2506_gtec_RollingP_117x26_6_250612.html/792f7563516d69784e33304143366c56,OK,
두원공과대학교,https://wads.jinhakapply.com/RealMedia/ads/click_lx.ads/U_jinhakapplyP/RollingP/L23/180854721/x02/JINHAKAPPLY/2508_doowon_RollingP_117x26_2/2508_doowon_RollingP_117x26_2_250822.html/792f7563516d69784e33304143366c56,OK,
아이디 찾기,https://applymem.jinhakapply.com/Find/ID,OK,
비밀번호 찾기,https://applymem.jinhakapply.com/Find/PWD,OK,
회원가입,https://applymem.jinhakapply.com,OK,
,https://wads.jinhakapply.com/RealMedia/ads/click_lx.ads/U_jinhakapplyP/CenterR/L22/1841995981/x01/JINHAKAPPLY/2504_hywoman_CenterR_292x72/2504_hywoman_CenterR_292x72_250408.html/792f7563516d69784e33304143366c56,OK,
국립금오공과대학교,http://www.kumoh.ac.kr,OK,
전주대학교,http://www.jeonju.ac.kr,OK,
가천대학교,https://admission.gachon.ac.kr/,OK,
경동대학교,https://www.kduniv.ac.kr/iphak/Main.do,Error: SSLError,x
수원대학교,https://ipsi.suwon.ac.kr/,OK,
경기대학교,https://enter.kyonggi.ac.kr/,OK,
호서대학교,https://ipsi.hoseo.ac.kr/,OK,
삼육대학교,https://ipsi.syu.ac.kr/,OK,
신한대학교,https://ipsi.shinhan.ac.kr/,OK,
한국공학대학교,https://iphak.tukorea.ac.kr/,OK,
가야대학교,http://www.kaya.ac.kr,OK,
가천대학교,https://apply.jinhakapply.com/Notice/1019055/A,OK,
가톨릭관동대학교,http://www.cku.ac.kr/,OK,
가톨릭꽃동네대학교,http://www.kkot.ac.kr,OK,
가톨릭대학교,https://www.catholic.ac.kr/,OK,
감리교신학대학교,http://www.mtu.ac.kr/mtu/main.jsp,Error 404,ERROR
강남대학교,http://www.kangnam.ac.kr,OK,
강서대학교,http://www.kcu.ac.kr,Error: SSLError,ERROR
강원대학교,http://www.kangwon.ac.kr,OK,
"강원대학교(강릉캠퍼스,원주캠퍼스)",http://www.gwnu.ac.kr/,OK,
건국대학교 서울캠퍼스,http://www.konkuk.ac.kr,OK,
건국대학교(글로컬),http://www.kku.ac.kr,Error: ConnectionError,x
건양대학교,http://www.konyang.ac.kr,OK,
경기대학교,https://enter.kyonggi.ac.kr/intro.do,OK,
경남대학교,http://www.kyungnam.ac.kr,OK,
경동대학교,http://www.kduniv.ac.kr/,Error: SSLError,x
경북대학교,https://www.knu.ac.kr/wbbs/wbbs/main/main.action,Error 400,x
경상국립대학교,https://www.gnu.ac.kr/new/main.do,OK,
경성대학교,http://www.ks.ac.kr,OK,
경운대학교,http://ipsi.ikw.ac.kr/renew2/,Error 404,ERROR
경인교육대학교,https://ipsi.ginue.ac.kr/ipsi/Main.do,OK,
경일대학교,http://www.kiu.ac.kr,OK,
경희대학교,http://www.khu.ac.kr,OK,
계명대학교,https://www.gokmu.ac.kr/main.htm,OK,
가야대학교,https://ipsi.kaya.ac.kr/,OK,
대구가톨릭대학교,https://ibsi.cu.ac.kr/,OK,
대구대학교,https://ipsi.daegu.ac.kr/,OK,
중부대학교,https://ipsi.joongbu.ac.kr/,OK,
광주여자대학교,https://ipsi.kwu.ac.kr/,OK,
성공회대학교,https://enter.skhu.ac.kr/,OK,
상지대학교,https://www.sangji.ac.kr/go/index.do,OK,
청운대학교,https://enter.chungwoon.ac.kr/,OK,
고려대학교(서울),http://www.korea.ac.kr,OK,
고려대학교(세종),https://oku.korea.ac.kr/sejong/index.do,OK,
고신대학교,http://www.kosin.ac.kr,OK,
공주교육대학교,http://www.kongju-e.ac.kr,Error 470,ERROR
광신대학교,http://www.kwangshin.ac.kr,OK,
광운대학교,http://iphak.kw.ac.kr,OK,
광주교육대학교,http://www.gnue.ac.kr/,Error: SSLError,x
광주대학교,http://www.gwangju.ac.kr,OK,
광주여자대학교,http://www.kwu.ac.kr,OK,
국립경국대학교(국립안동대학교),https://www.gknu.ac.kr/main/index.do,OK,
국립공주대학교,http://www.kongju.ac.kr/,Error: ConnectionError,x
국립군산대학교,http://www.kunsan.ac.kr,OK,
국립목포대학교,http://www.mokpo.ac.kr,OK,
국립목포해양대학교,http://www.mmu.ac.kr/intro,Error: ConnectTimeout,ERROR
국립부경대학교,http://www.pknu.ac.kr/,OK,
국립순천대학교,https://www.scnu.ac.kr/iphak/main.do,OK,
국립창원대학교,http://ipsi.changwon.ac.kr,OK,
국립한국교통대학교,https://www.ut.ac.kr/ipsi.do,OK,
국립한국해양대학교,http://www.kmou.ac.kr,OK,
국립한밭대학교,http://admission.hanbat.ac.kr/html/kr/,OK,
국민대학교,http://www.kookmin.ac.kr,OK,
극동대학교,http://www.kdu.ac.kr,OK,
금강대학교,http://www.ggu.ac.kr,OK,
중원대학교,http://ipsi.jwu.ac.kr/,OK,
건양대학교,https://ipsi.konyang.ac.kr/,OK,
목원대학교,https://enter.mokwon.ac.kr/,OK,
광주대학교,https://iphak.gwangju.ac.kr/,OK,
건국대학교,https://enter.konkuk.ac.kr/,OK,
건국대학교 글로컬,https://enter.kku.ac.kr/,OK,
동국대학교,https://ipsi.dongguk.edu/,OK,
동국대학교 WISE,https://ipsi.dongguk.ac.kr/,OK,
김천대학교,https://ibhak.gimcheon.ac.kr/,OK,
나사렛대학교,http://www.kornu.ac.kr/,Error: ConnectionError,x
남부대학교,http://www.nambu.ac.kr,OK,
남서울대학교,http://www.namseoul.net/,OK,
단국대학교,https://apply.jinhakapply.com/Notice/1042039/A,OK,
대구가톨릭대학교,http://www.cu.ac.kr/,OK,
대구교육대학교,http://www.dnue.ac.kr,Error: SSLError,x
대구대학교,http://ipsi.daegu.ac.kr,OK,
대구예술대학교,https://www.dgau.ac.kr/,OK,
대구한의대학교,http://www.dhu.ac.kr,OK,
대신대학교,http://www.daeshin.ac.kr/html/intro/,OK,
대전대학교,https://ipsi.dju.ac.kr/enter/html/main/intro.asp,OK,
대진대학교,http://www.daejin.ac.kr,OK,
덕성여자대학교,http://www.duksung.ac.kr/,OK,
동국대학교(서울),https://apply.jinhakapply.com/Notice/1055045/A,OK,
동국대학교(WISE),http://web.dongguk.ac.kr/,Error 400,x
동덕여자대학교,https://www.dongduk.ac.kr/,OK,
동명대학교,https://tu.ac.kr,OK,
동서대학교,http://www.dongseo.ac.kr,OK,
동신대학교,https://www.dsu.ac.kr/,OK,
동아대학교,http://www.donga.ac.kr,Error: ConnectionError,ERROR
동양대학교,http://www.dyu.ac.kr,Error: ConnectTimeout,ERROR
동의대학교,https://ipsi.deu.ac.kr/main.do,OK,
루터대학교,http://www.ltu.ac.kr,OK,
동명대학교,https://www.tu.ac.kr/iphak/,OK,
동아대학교,https://ent.donga.ac.kr/,OK,
명지대학교,https://iphak.mju.ac.kr/,OK,
서강대학교,https://admission.sogang.ac.kr/,OK,
서울여자대학교,https://admission.swu.ac.kr/,OK,
서원대학교,https://www.seowon.ac.kr/iphak/,OK,
성균관대학교,https://admission.skku.edu/,Error 404,x
성신여자대학교,https://ipsi.sungshin.ac.kr/,OK,
명지대학교,https://apply.jinhakapply.com/Notice/1065063/A,OK,
목원대학교,http://www.mokwon.ac.kr,OK,
목포가톨릭대학교,http://www.mcu.ac.kr,OK,
배재대학교,http://www.pcu.ac.kr,OK,
백석대학교,http://www.bu.ac.kr,OK,
부산가톨릭대학교,http://www.cup.ac.kr,OK,
부산교육대학교,http://www.bnue.ac.kr/,OK,
부산대학교,http://go.pusan.ac.kr/college_2016/main/main.asp,OK,
부산외국어대학교,http://www.bufs.ac.kr/,Error: SSLError,x
부산장신대학교,http://www.bpu.ac.kr/,OK,
삼육대학교,http://www.syu.ac.kr,OK,
상명대학교,https://admission.smu.ac.kr/,OK,
상지대학교,http://www.sangji.ac.kr,OK,
서강대학교,https://admission.sogang.ac.kr/enter/html/main/index.asp,OK,
서경대학교,http://www.skuniv.ac.kr/,Error 400,x
서울과학기술대학교,https://www.seoultech.ac.kr,OK,
서울기독대학교,https://apply.jinhakapply.com/Notice/1052051/A,OK,
서울대학교,https://apply.jinhakapply.com/Notice/1083069/A,OK,
서울시립대학교,https://www.uos.ac.kr/,OK,
서울신학대학교,http://www.stu.ac.kr,OK,
서울여자대학교,http://www.swu.ac.kr,OK,
서울장신대학교,https://www.sjs.ac.kr/,OK,
서울한영대학교,http://ipsi.hytu.ac.kr/,Error: ConnectTimeout,ERROR
신라대학교,https://ipsi.silla.ac.kr/,OK,
연세대학교,https://admission.yonsei.ac.kr/,OK,
국립인천대학교,https://admission.inu.ac.kr/,OK,
한서대학교,https://helper.hanseo.ac.kr/,OK,
한양대학교,https://go.hanyang.ac.kr/gate.do,OK,
한양대학교 ERICA,http://goerica.hanyang.ac.kr/admission/intro.asp,OK,
홍익대학교,https://www.hongik.ac.kr/,OK,
서원대학교,http://www.seowon.ac.kr/,OK,
선문대학교,http://www.sunmoon.ac.kr,OK,
성결대학교,http://www.sungkyul.ac.kr/,Error: ConnectTimeout,ERROR
성공회대학교,http://www.skhu.ac.kr/,OK,
성균관대학교,https://apply.jinhakapply.com/Notice/1092045/A,OK,
성신여자대학교,http://www.sungshin.ac.kr/,OK,
세명대학교,http://www.semyung.ac.kr/,OK,
세종대학교,http://www.sejong.ac.kr/,OK,
세한대학교,https://apply.sehan.ac.kr/apply/,OK,
송원대학교,http://www.songwon.ac.kr/,OK,
수원대학교,http://www.suwon.ac.kr,OK,
숙명여자대학교,http://www.sookmyung.ac.kr/,OK,
순천향대학교,https://www.sch.ac.kr,OK,
숭실대학교,https://apply.jinhakapply.com/Notice/1101066/A,OK,
신경주대학교,http://www.gyeongju.ac.kr,OK,
신라대학교,http://www.silla.ac.kr,OK,
신한대학교,http://ipsi.shinhan.ac.kr/,Error: ConnectTimeout,ERROR
아신대학교,http://www.acts.ac.kr,OK,
아주대학교,http://www.ajou.ac.kr,OK,
안양대학교,http://www.anyang.ac.kr,OK,
연세대학교(미래),https://admission.yonsei.ac.kr/mirae/admission/html/main/main.asp,OK,
연세대학교(서울),https://apply.jinhakapply.com/Notice/1108067/A,OK,
영남대학교,http://enter.yu.ac.kr/,OK,
영산대학교,http://ipsi.ysu.ac.kr/,OK,
예수대학교,http://www.mpu.ac.kr/,OK,
예원예술대학교,https://www.yewon.ac.kr/intro.html,Error 404,ERROR
용인대학교,http://www.yongin.ac.kr,OK,
우석대학교,http://www.woosuk.ac.kr,Error: ChunkedEncodingError,x
우송대학교,https://www.wsu.ac.kr/,OK,
울산대학교,http://www.ulsan.ac.kr,OK,
원광대학교,https://www.wku.ac.kr/,OK,
위덕대학교,http://www.uu.ac.kr/,Error 400,x
유원대학교(U1대학교),https://ipsi.u1.ac.kr/html/ipsi/index.html,OK,
을지대학교,http://www.eulji.ac.kr/,Error 400,x
이화여자대학교,http://admission.ewha.ac.kr,OK,
인제대학교,http://www.inje.ac.kr,Error 400,ERROR
인천가톨릭대학교,http://www.iccu.ac.kr,Error 400,x
인천대학교,https://apply.jinhakapply.com/Notice/1123059/A,OK,
인하대학교,http://www.inha.ac.kr,OK,
장로회신학대학교,http://www.pcts.ac.kr,OK,
전남대학교,http://www.jnu.ac.kr/,OK,
전북대학교,https://www.jbnu.ac.kr/kor/,OK,
전주교육대학교,http://www.jnue.kr/,OK,
전주대학교,https://www.jj.ac.kr/,OK,
제주국제대학교,http://www.jeju.ac.kr/,OK,
제주대학교,http://www.cheju.ac.kr,Error: SSLError,ERROR
조선대학교,http://ibhak.chosun.ac.kr/,OK,
중부대학교,https://www.joongbu.ac.kr/,OK,
중앙대학교,http://www.cau.ac.kr,OK,
중원대학교,http://www.jwu.ac.kr/,OK,
진주교육대학교,http://www.cue.ac.kr,OK,
차 의과학대학교,http://www.cha.ac.kr,OK,
창신대학교,https://apply.jinhakapply.com/Notice/4143035/A,OK,
청운대학교,http://www.chungwoon.ac.kr,OK,
청주교육대학교,https://www.cje.ac.kr/web/main.do?screenTp=USER,OK,
청주대학교,http://www.chongju.ac.kr,OK,
초당대학교,https://www.cdu.ac.kr/,OK,
총신대학교,http://www.chongshin.ac.kr,OK,
추계예술대학교,http://www.chugye.ac.kr,Error: SSLError,x
춘천교육대학교,http://www.cnue.ac.kr/cnue/index.do,Error: SSLError,x
충남대학교,http://ipsi.cnu.ac.kr/,OK,
충북대학교,http://www.chungbuk.ac.kr/site/www/main.do,OK,
칼빈대학교,http://www.calvin.ac.kr,OK,
평택대학교,https://www.ptu.ac.kr,OK,
포항공과대학교,http://www.postech.ac.kr,OK,
한경국립대학교,https://apply.jinhakapply.com/Notice/3016099/A,OK,
한국공학대학교,https://iphak.tukorea.ac.kr/main.htm,OK,
한국교원대학교,https://www.knue.ac.kr/www/index.do,OK,
한국기술교육대학교,http://www.kut.ac.kr,Error: SSLError,ERROR
한국성서대학교,http://ipsi.bible.ac.kr/,OK,
한국외국어대학교,http://www.hufs.ac.kr,OK,
한국체육대학교,http://www.knsu.ac.kr/web/ipsi/home,Error 400,ERROR
한국침례신학대학교,http://www.kbtus.ac.kr,Error: ConnectTimeout,ERROR
한국항공대학교,http://ibhak.kau.ac.kr/admission/html/main/main.asp,OK,
한남대학교,http://www.hannam.ac.kr/,OK,
한동대학교,https://admissions.handong.edu/,OK,
한라대학교(원주),http://www.halla.ac.kr,OK,
한림대학교,http://admission.hallym.ac.kr,OK,
한서대학교,http://helper.hanseo.ac.kr/,OK,
한성대학교,https://enter.hansung.ac.kr,OK,
한세대학교,http://www.hansei.ac.kr,Error: ConnectionError,x
한신대학교,http://www.hs.ac.kr,OK,ERROR
한양대학교(서울),https://go.hanyang.ac.kr/gate.do,OK,
한양대학교(ERICA),http://goerica.hanyang.ac.kr/admission/intro.asp,OK,
한일장신대학교,http://www.hanil.ac.kr,OK,
협성대학교,http://www.hyupsung.ac.kr,Error: ConnectTimeout,ERROR
호남대학교,http://enter.honam.ac.kr/,OK,
호남신학대학교,http://www.htus.ac.kr,OK,
호서대학교,http://www.hoseo.ac.kr/,OK,
호원대학교,https://www.howon.ac.kr/2018/_admission/,OK,
홍익대학교,https://www.hongik.ac.kr/kr/admission/undergraduate-admission.do,OK,
화성의과학대학교,https://www.hsmu.ac.kr/sgu_main/index.do,Error: SSLError,ERROR
수원과학대학교,https://ipsi.ssc.ac.kr/,OK,
연암공과대학교,https://enter.yc.ac.kr/,Error: SSLError,x
신구대학교,https://enter.shingu.ac.kr/,OK,
경북전문대학교,https://ipsi.kbc.ac.kr/,OK,
안산대학교,https://iphak.ansan.ac.kr/,Error 502,x
한국영상대학교,https://ipsi.pro.ac.kr/,OK,
대림대학교,https://ent.daelim.ac.kr/,OK,
경북보건대학교,https://ipsi.gch.ac.kr/,OK,
가톨릭상지대학교,http://www.csj.ac.kr,Error 400,x
강동대학교,http://www.gangdong.ac.kr/,Error: SSLError,x
강릉영동대학교,http://www.gyc.ac.kr,OK,
강원도립대학,http://www.gw.ac.kr/,OK,
거제대학교,http://www.koje.ac.kr,OK,
경기과학기술대학교,http://www.gtec.ac.kr,OK,
경기과학기술대학교 조기취업형 계약학과,https://www.gtec.ac.kr,OK,
경남도립남해대학,http://www.namhae.ac.kr,Error: ConnectTimeout,ERROR
경남정보대학교,http://www.kit.ac.kr,Error: SSLError,x
경민대학교,http://www.kyungmin.ac.kr,OK,
경복대학교,http://www.kbu.ac.kr,OK,
경북과학대학교,http://www.kbcs.ac.kr,OK,
경북보건대학교,http://www.gch.ac.kr,OK,
경북전문대학교,http://www.kbc.ac.kr/,Error: TooManyRedirects,
경인여자대학교,http://www.kiwu.ac.kr,OK,
계명문화대학교,http://www.kmcu.ac.kr/,OK,
계원예술대학교,http://www.kaywon.ac.kr,OK,
광양보건대학교,http://gy.ac.kr,OK,
광주보건대학교,http://www.ghu.ac.kr/,OK,
구미대학교,http://www.gumi.ac.kr,Error 400,x
국립한국농수산대학,http://www.af.ac.kr/,OK,
국제대학교,http://www.kookje.ac.kr,OK,
군산간호대학교,http://www.kcn.ac.kr,OK,
군장대학교,http://www.kunjang.ac.kr,OK,
부천대학교,https://ipsi.bc.ac.kr/,OK,
유한대학교,https://sky.yuhan.ac.kr/,OK,
재능대학교,https://apply.jeiu.ac.kr:4443/apply/,OK,
인하공업전문대학,https://ipsi.inhatc.ac.kr/,OK,
서정대학교,https://www.seojeong.ac.kr/iphak/,OK,
여주대학교,https://ipsi.yit.ac.kr/,OK,
충북도립대학교,https://www.cpu.ac.kr/ipsi/,OK,
전북과학대학교,https://www.jbsc.ac.kr/portal/ipsi/main/main.do,OK,
기독간호대학교,http://www.ccn.ac.kr,OK,
김포대학교,http://www.kimpo.ac.kr,OK,
김해대학교,http://www.gimhae.ac.kr/,OK,
대경대학교,http://www.tk.ac.kr,Error 400,x
대구공업대학교,https://www.ttc.ac.kr/,OK,
대구과학대학교,http://www.tsu.ac.kr,Error: ConnectTimeout,ERROR
대구보건대학교,http://www.dhc.ac.kr/,OK,
대덕대학교,http://www.ddc.ac.kr,OK,
대동대학교,http://www.daedong.ac.kr,OK,
대림대학교,https://apply.jinhakapply.com/Notice/4047033/A,OK,
대전과학기술대학교,http://www.hu.ac.kr/,Error: ConnectionError,ERROR
동강대학교,http://www.dkc.ac.kr/,OK,
동남보건대학교,http://www.dongnam.ac.kr/,OK,
동서울대학교,http://www.du.ac.kr/,OK,
동아방송예술대학교,http://ipsi.dima.ac.kr/,OK,
동아보건대학교,http://www.dongac.ac.kr,Error: SSLError,x
동양미래대학교,http://www.dongyang.ac.kr,OK,
동원과학기술대학교,http://www.dist.ac.kr,OK,
동원대학교,http://www.tw.ac.kr/,OK,
동의과학대학교,http://www.dit.ac.kr,OK,
두원공과대학교,https://entrance.doowon.ac.kr/main.do,OK,
마산대학교,http://www.masan.ac.kr/,OK,
명지전문대학,http://www.mjc.ac.kr,OK,
한양여자대학교,https://www.hywoman.ac.kr/hyw_admission/,OK,
숭의여자대학교,https://www.sewu.ac.kr/admission/,OK,
서일대학교,https://www.seoil.ac.kr/ipsi/,OK,
명지전문대학,https://ipsi.joongbu.ac.kr/,OK,
강동대학교,https://www.gangdong.ac.kr/ipsi/,Error: SSLError,x
충북보건과학대학교,https://enter.chsu.ac.kr/,OK,
경기과학기술대학교,https://www.gtec.ac.kr/ipsi/,OK,
신안산대학교,https://apply.sau.ac.kr/,OK,
명지전문대학 조기취업형 계약학과,http://www.mjc.ac.kr/,OK,
목포과학대학교,http://ipsi.msu.ac.kr/main,Error: ConnectionError,ERROR
문경대학교,http://www.mkc.ac.kr/,OK,
배화여자대학교,http://www.baewha.ac.kr/,OK,
백석문화대학교,http://www.bscu.ac.kr/,OK,
백제예술대학교,http://www.paekche.ac.kr,OK,
부산경상대학교,http://www.bsks.ac.kr,OK,
부산과학기술대학교,http://www.bist.ac.kr/,OK,
부산보건대학교,http://www.dongju.ac.kr,Error 404,ERROR
부산여자대학교,http://www.bwc.ac.kr/intro/,OK,
부천대학교,http://www.bc.ac.kr/,OK,
서영대학교(광주),http://www.seoyeong.ac.kr/,OK,
서영대학교(파주),http://www.seoyeong.ac.kr,OK,
서울여자간호대학교,http://www.snjc.ac.kr/,OK,
서울예술대학교,http://www.seoularts.ac.kr,Error: SSLError,x
서일대학교,https://www.seoil.ac.kr/sites/ipsi/index.do?kr,OK,
서정대학교,http://www.seojeong.ac.kr,OK,
선린대학교,http://www.sunlin.ac.kr,OK,
세경대학교,http://www.saekyung.ac.kr/,OK,
송곡대학교,http://www.songgok.ac.kr/,OK,
송호대학교,http://www.songho.ac.kr,OK,
수성대학교,http://www.sc.ac.kr/,OK,
수원과학대학교,http://www.ssc.ac.kr/,OK,
호산대학교,http://iphak.hosan.ac.kr/,OK,
선린대학교,https://admission.sunlin.ac.kr/,OK,
대경대학교,https://www.dkuway.com/,Error 400,x
전주비전대학교,https://iphak.jvision.ac.kr/,OK,
오산대학교,https://iphak.osan.ac.kr/,OK,
동남보건대학교,https://ipsi.dongnam.ac.kr/,OK,
국제대학교,https://ipsi.kookje.ac.kr/,OK,
용인예술과학대학교,https://ipsi.ysc.ac.kr/,OK,
수원여자대학교,https://apply.jinhakapply.com/Notice/4094123/A,OK,
순천제일대학교,http://www.suncheon.ac.kr,OK,
숭의여자대학교,http://www.sewc.ac.kr,Error: ConnectionError,ERROR
신구대학교,http://www.shingu.ac.kr,OK,
신성대학교,http://www.shinsung.ac.kr,OK,
신안산대학교,http://www.sau.ac.kr/,OK,
아주자동차대학교,http://www.motor.ac.kr/,OK,
안동과학대학교,http://www.asc.ac.kr,OK,
안산대학교,http://www.ansan.ac.kr,Error 502,x
여주대학교,http://www.yit.ac.kr/,OK,
연성대학교,http://www.yeonsung.ac.kr/,OK,
연암공과대학교,http://www.yc.ac.kr,OK,
연암대학교,http://www.yonam.ac.kr,OK,
영남이공대학교,http://www.ync.ac.kr,OK,
영진전문대학교,http://www.yjc.ac.kr/,OK,
오산대학교,http://www.osan.ac.kr/,OK,
용인예술과학대학교,http://www.ysc.ac.kr,OK,
우송정보대학,http://www.wsi.ac.kr/,OK,
울산과학대학교,http://www.uc.ac.kr,OK,
웅지세무대학교,http://www.wat.ac.kr,OK,
유한대학교,https://apply.jinhakapply.com/Notice/4122054/A,OK,
인덕대학교,http://www.induk.ac.kr,OK,
인하공업전문대학,http://www.inhatc.ac.kr,OK,
장안대학교,http://www.jangan.ac.kr,OK,
동서울대학교,https://enter.du.ac.kr/,OK,
동원대학교,https://ipsi.tw.ac.kr/,OK,
강릉영동대학교,https://www.gyu.ac.kr/ipsi/,OK,
강원도립대학교,https://ipsi.gw.ac.kr/,OK,
세경대학교,https://www.saekyung.ac.kr/main/main.php,OK,
송곡대학교,https://www.songgok.ac.kr/iphak/Main.do,OK,
송호대학교,https://www.songho.ac.kr/iphak/index.do,Error: SSLError,x
한림성심대학교,https://ipsi.hsc.ac.kr/,OK,
재능대학교,http://www.jeiu.ac.kr,OK,
전남과학대학교,https://www.cntu.ac.kr/,OK,
전북과학대학교,http://www.jbsc.ac.kr/,OK,
전주기전대학,http://www.kijeon.ac.kr/,Error: ChunkedEncodingError,x
전주비전대학교,http://www.jvision.ac.kr,OK,
제주관광대학교,http://www.ctc.ac.kr,OK,
제주한라대학교,http://www.chu.ac.kr,OK,
조선간호대학교,http://www.cnc.ac.kr,OK,
조선이공대학교,http://www.cst.ac.kr/,OK,
진주보건대학교,http://www.jhc.ac.kr,OK,
창원문성대학교,http://www.cmu.ac.kr/,OK,
청강문화산업대학교,http://www.ck.ac.kr/,OK,
청암대학교,https://www.ca.ac.kr/,OK,
춘해보건대학교,http://www.ch.ac.kr,Error: SSLError,x
충남도립대학교,http://www.cnsu.ac.kr/,Error: SSLError,x
충북도립대학교,http://www.cpu.ac.kr,OK,
충북보건과학대학교,http://www.chsu.ac.kr,OK,
충청대학교,http://www.ok.ac.kr/,OK,
포항대학교,http://www.pohang.ac.kr,OK,
한국관광대학교,http://www.ktc.ac.kr,OK,
한국승강기대학교,http://www.klc.ac.kr/,Error: ConnectionError,ERROR
한국영상대학교,http://www.pro.ac.kr,OK,
한림성심대학교,http://www.hsc.ac.kr/,OK,
한양여자대학교,http://www.hywoman.ac.kr,OK,
동양미래대학교,https://ipsi.dongyang.ac.kr/,OK,
배화여자대학교,https://ipsi.baewha.ac.kr/,OK,
서울여자간호대학교,https://www.snjc.ac.kr/public_2017/ipsi/,OK,
삼육보건대학교,https://exam.shu.ac.kr/,OK,
대덕대학교,https://ipsi.ddu.ac.kr/,OK,
대전과학기술대학교,https://ipsi.dst.ac.kr/,OK,
대전보건대학교,https://ipsi.hit.ac.kr/,OK,
우송정보대학,https://ent.wsi.ac.kr/main/index.jsp,OK,
한영대학교,http://www.hanyeong.ac.kr,OK,
혜전대학교,http://www.hj.ac.kr,OK,
호산대학교,http://www.hosan.ac.kr/,OK,
계명문화대학교,https://www.kmcu.ac.kr/,Error: SSLError,x
대구공업대학교,https://entr.ttc.ac.kr/,OK,
대구과학대학교,https://ipsi.tsu.ac.kr/,OK,
대구보건대학교,https://www.dhc.ac.kr/iphak,OK,
수성대학교,https://ipsi.sc.ac.kr/,OK,
영남이공대학교,https://exam.ync.ac.kr/,OK,
영진전문대학교,https://ipsi.yju.ac.kr/,OK,
충청대학교,https://www.ok.ac.kr/ipsi/,OK,
대원대학교,https://www.daewon.ac.kr/mbs/ipsi/,OK,
아주자동차대학교,https://ipsi.motor.ac.kr/,OK,
안동과학대학교,https://ipsi.asc.ac.kr/,OK,
구미대학교,https://ipsi.gumi.ac.kr/,Error 400,x
거제대학교,https://enter.koje.ac.kr/,OK,
경남정보대학교,https://iphak.kit.ac.kr/,Error: SSLError,x
대동대학교,https://ipsi.daedong.ac.kr/,OK,
동원과학기술대학교,https://ipsi.dist.ac.kr/,Error: ConnectionError,x
동의과학대학교,https://ipsi.dit.ac.kr/,OK,
마산대학교,https://www.masan.ac.kr/info/Main.do,OK,
부산경상대학교,https://iphak.bsks.ac.kr/,OK,
부산과학기술대학교,https://ipsi.bist.ac.kr/,Error: ConnectionError,x
부산보건대학교,https://ipsi.bhu.ac.kr/,OK,
춘해보건대학교,https://ipsiw.ch.ac.kr/,Error: SSLError,x
한국승강기대학교,https://ipsi.klc.ac.kr/,OK,
경북대학교,http://www.knu.ac.kr,Error 400,x
"한국폴리텍Ⅱ대학(인천,남인천)",http://www.kopo.ac.kr/,OK,
"한국폴리텍Ⅲ대학(춘천,원주,강릉)",http://www.kopo.ac.kr/,OK,
"한국폴리텍Ⅳ대학(대전,청주,아산,충남)",http://www.kopo.ac.kr/,OK,
"한국폴리텍Ⅴ대학(광주,전북,전남,익산)",http://www.kopo.ac.kr/,OK,
"한국폴리텍Ⅵ대학(대구,구미,영주,영남융합기술)",http://www.kopo.ac.kr/,OK,
"한국폴리텍Ⅶ대학(창원,부산,울산)",http://www.kopo.ac.kr/,OK,
"한국폴리텍특성화대학(바이오,반도체융합,항공,로봇)",http://www.kopo.ac.kr/,OK,
"한국폴리텍I대학(서울정수,서울강서,성남,제주)",http://www.kopo.ac.kr/,OK,
ICT폴리텍대학,https://ipsi.ict.ac.kr/,OK,
ICT폴리텍대학,http://www.ict.ac.kr/,OK,
백석예술대학교,https://www.bau.ac.kr/admission/index.do,OK,
정화예술대학교,https://ipsi.jb.ac.kr/,OK,
국제예술대학교,http://kua.ac.kr/,OK,
백석예술대학교,http://gpin.bau.ac.kr/,OK,
정화예술대학교,http://www.jb.ac.kr/,OK,
디지털서울문화예술대학교,https://enter.jinhakapply.com/Notice/7014012/A,OK,
태재대학교,https://www.taejae.ac.kr/,OK,
숭실대학교 글로벌미래교육원(음악),https://ssulle.ssu.ac.kr/Entrance.do?cmd=viewEntranceExamApplication&gubun=insert&tabGubun=haksa,OK,
숭실대학교 글로벌미래교육원,https://ssulle.ssu.ac.kr/Entrance.do?cmd=viewEntranceExamApplication&gubun=insert&tabGubun=haksa,OK,
배화여자대학교 반도체소프트웨어과,https://ipsi.baewha.ac.kr/main.do,OK,
,https://wads.jinhakapply.com/RealMedia/ads/click_lx.ads/U_jinhakapplyP/RightT/L21/70460244/x01/JINHAKAPPLY/2507_tw_RightT_292x100/2507_tw_RightT_292x100_250722.html/792f7563516d69784e33304143366c56,OK,
,https://wads.jinhakapply.com/RealMedia/ads/click_lx.ads/U_jinhakapplyP/RightA/L21/967134010/x01/JINHAKAPPLY/2504_jvision_RightA_140x160_1/2504_jvision_RightA_140x160_1_250630.html/792f7563516d69784e33304143366c56,OK,
,https://wads.jinhakapply.com/RealMedia/ads/click_lx.ads/U_jinhakapplyP/RightA/L21/1521768216/x02/JINHAKAPPLY/2504_jbsc_RightA_140x160_2/2504_jbsc_RightA_276x344_2_250630.html/792f7563516d69784e33304143366c56,OK,
,https://wads.jinhakapply.com/RealMedia/ads/click_lx.ads/U_jinhakapplyP/RightA/L21/1984392539/x03/JINHAKAPPLY/2504_cpu_RightA_140x160_3/2504_cpu_RightA_276x344_3_250630.html/792f7563516d69784e33304143366c56,OK,
,https://wads.jinhakapply.com/RealMedia/ads/click_lx.ads/U_jinhakapplyP/RightA/L21/974745748/x04/JINHAKAPPLY/2507_gumi_RightA_138x172_4/2507_gumi_RightA_138x172_4_250701.html/792f7563516d69784e33304143366c56,Error 400,x
,https://wads.jinhakapply.com/RealMedia/ads/click_lx.ads/U_jinhakapplyP/RightCO/L22/1947869607/x01/JINHAKAPPLY/2504_COkangwon_RightCO_140x160_1/2504_COkangwon_RightCO_140x160_1_250410.html/792f7563516d69784e33304143366c56,OK,
,https://wads.jinhakapply.com/RealMedia/ads/click_lx.ads/U_jinhakapplyP/RightCO/L22/1274799280/x02/JINHAKAPPLY/2508_COdaejeon_RightCO_140x160_2/2508_COdaejeon_RightCO_140x160_2_250820.html/792f7563516d69784e33304143366c56,OK,
,https://wads.jinhakapply.com/RealMedia/ads/click_lx.ads/U_jinhakapplyP/RightB/L21/1605440882/x01/JINHAKAPPLY/2504_seojeong_RightB_292x77_1/2504_seojeong_RightB_292x77_1_250418.html/792f7563516d69784e33304143366c56,OK,
,https://wads.jinhakapply.com/RealMedia/ads/click_lx.ads/U_jinhakapplyP/RightB/L21/1097657063/x02/JINHAKAPPLY/2504_chungwoon_RightB_292x77_2/2504_chungwoon_RightB_292x77_2_250418.html/792f7563516d69784e33304143366c56,OK,
,https://wads.jinhakapply.com/RealMedia/ads/click_lx.ads/U_jinhakapplyP/RightB/L21/952189638/x03/JINHAKAPPLY/2504_scau_RightB_292x77_3/2504_scau_RightB_292x77_3_250418.html/792f7563516d69784e33304143366c56,OK,
,https://wads.jinhakapply.com/RealMedia/ads/click_lx.ads/U_jinhakapplyP/RightB/L21/1488291528/x04/JINHAKAPPLY/2504_ysc_RightB_292x77_4/2504_ysc_RightB_292x77_4_250418.html/792f7563516d69784e33304143366c56,OK,
,https://apply.jinhakapply.com/Customer/Notice?id=70337&categoryid=0,OK,
원서작성 가이드,https://youtu.be/DDjxB6mUsag,OK,
챗봇 상담 바로가기,https://accounts.kakao.com/login/?continue=https%3A%2F%2Fpf.kakao.com%2F_sCIyd%2Fchat#login,OK,
원격지원 프로그램,https://apply.jinhakapply.com/Common/Remote/,OK,
FAQ 바로가기,https://apply.jinhakapply.com/Customer/Faq,OK,
,https://wads.jinhakapply.com/RealMedia/ads/click_lx.ads/U_jinhakapplyP/Bottom/L21/1673561473/x01/JINHAKAPPLY/2506_shinhan_Bottom_197x60_1/2506_shinhan_Bottom_197x60_1_250602.html/792f7563516d69784e33304143366c56,OK,
,https://wads.jinhakapply.com/RealMedia/ads/click_lx.ads/U_jinhakapplyP/Bottom/L21/1562104705/x02/JINHAKAPPLY/2504_kumoh_Bottom_197x60_2/2504_kumoh_Bottom_197x60_2_250408.html/792f7563516d69784e33304143366c56,OK,
,https://wads.jinhakapply.com/RealMedia/ads/click_lx.ads/U_jinhakapplyP/Bottom/L21/1372273526/x03/JINHAKAPPLY/2504_daegu_Bottom_197x60_3/2504_daegu_Bottom_197x60_3_250408.html/792f7563516d69784e33304143366c56,OK,
,https://wads.jinhakapply.com/RealMedia/ads/click_lx.ads/U_jinhakapplyP/Bottom/L21/1108000944/x04/JINHAKAPPLY/2504_dcu_Bottom_197x60_4/2504_dcu_Bottom_197x60_4_250408.html/792f7563516d69784e33304143366c56,OK,
,https://wads.jinhakapply.com/RealMedia/ads/click_lx.ads/U_jinhakapplyP/Bottom/L21/839094210/x05/JINHAKAPPLY/2504_scau_Bottom_197x60_5/2504_scau_Bottom_197x60_5_250408.html/792f7563516d69784e33304143366c56,OK,
,https://wads.jinhakapply.com/RealMedia/ads/click_lx.ads/U_jinhakapplyP/Bottom/L21/1381890080/x06/JINHAKAPPLY/2507_gumi_Bottom_197x60_6/2507_gumi_Bottom_197x60_6_250701.html/792f7563516d69784e33304143366c56,Error 400,x
더보기,https://apply.jinhakapply.com/Customer/Notice,OK,
챗봇 상담,https://accounts.kakao.com/login/?continue=https%3A%2F%2Fpf.kakao.com%2F_sCIyd%2Fchat#login,OK,
원서 작성 가이드,https://youtu.be/DDjxB6mUsag,OK,
FAQ,https://apply.jinhakapply.com/Customer/Faq,OK,
